{
  "batak_Amelia_datar": 0,
  "batak_Amelia_sedih": 1,
  "batak_Amelia_senang": 2,
  "batak_Amelia_terkejut": 3,
  "betawi_Iyan_datar": 4,
  "betawi_Iyan_sedih": 5,
  "betawi_Iyan_senang": 6,
  "betawi_Iyan_terkejut": 7,
  "betawi_Nurul_datar": 8,
  "betawi_Nurul_sedih": 9,
  "betawi_Nurul_senang": 10,
  "betawi_Nurul_terkejut": 11,
  "cina_Husna_datar": 12,
  "cina_Husna_sedih": 13,
  "cina_Husna_senang": 14,
  "cina_Husna_unknown": 15,
  "cina_Yazid_datar": 16,
  "cina_Yazid_unknown": 17,
  "cina_Yazid_sedih": 18,
  "cina_Yazid_senang": 19,
  "sunda_Arkan_datar": 20,
  "sunda_Arkan_sedih": 21,
  "sunda_Arkan_senang": 22,
  "sunda_Arkan_terkejut": 23,
  "sunda_Arya_datar": 24,
  "sunda_Arya_sedih": 25,
  "sunda_Arya_senang": 26,
  "sunda_Arya_terkejut": 27,
  "sunda_Daiva_datar": 28,
  "sunda_Daiva_sedih": 29,
  "sunda_Daiva_senang": 30,
  "sunda_Daiva_terkejut": 31,
  "sunda_Efrila_datar": 32,
  "sunda_Efrila_sedih": 33,
  "sunda_Efrila_senang": 34,
  "sunda_Efrila_terkejut": 35,
  "sunda_Nia_datar": 36,
  "sunda_Nia_sedih": 37,
  "sunda_Nia_senang": 38,
  "sunda_Nia_terkejut": 39,
  "sunda_Refi_datar": 40,
  "sunda_Refi_sedih": 41,
  "sunda_Refi_senang": 42,
  "sunda_Refi_terkejut": 43,
  "sunda_Reisya_datar": 44,
  "sunda_Reisya_sedih": 45,
  "sunda_Reisya_senang": 46,
  "sunda_Reisya_terkejut": 47,
  "sunda_Reivan_datar": 48,
  "sunda_Reivan_sedih": 49,
  "sunda_Reivan_senang": 50,
  "sunda_Reivan_terkejut": 51,
  "sunda_Ridwan_datar": 52,
  "sunda_Ridwan_sedih": 53,
  "sunda_Ridwan_senang": 54,
  "sunda_Ridwan_terkejut": 55,
  "sunda_Valensi_datar": 56,
  "sunda_Valensi_sedih": 57,
  "sunda_Valensi_senang": 58,
  "sunda_Valensi_terkejut": 59
}